poi_id,name,category,lon,lat,revenue_k
C001,书店网点001,健身房,121.533554,31.180377,108
C002,便利店网点002,咖啡,121.667144,31.355606,40
C003,书店网点003,健身房,121.476329,31.240883,161
C004,便利店网点004,咖啡,121.535077,31.312498,71
C005,健身房网点005,书店,121.529233,31.28001,17
C006,健身房网点006,咖啡,121.478694,31.265931,164
C007,咖啡网点007,书店,121.700639,31.171929,198
C008,便利店网点008,书店,121.651266,31.348125,6
C009,咖啡网点009,便利店,121.409812,31.206295,97
C010,咖啡网点010,健身房,121.728932,31.267164,182
C011,便利店网点011,健身房,121.686512,31.293951,156
C012,便利店网点012,书店,121.472207,31.282831,188
C013,咖啡网点013,咖啡,121.671283,31.346931,93
C014,便利店网点014,便利店,121.408311,31.172657,83
C015,健身房网点015,咖啡,121.729678,31.251838,156
C016,咖啡网点016,健身房,121.609647,31.228888,36
C017,便利店网点017,咖啡,121.604045,31.244317,54
C018,便利店网点018,便利店,121.402559,31.166228,133
C019,健身房网点019,便利店,121.692932,31.169501,148
C020,便利店网点020,便利店,121.38044,31.201177,28
C021,健身房网点021,便利店,121.456698,31.207035,113
C022,便利店网点022,健身房,121.421488,31.234139,82
C023,便利店网点023,健身房,121.649636,31.274417,111
C024,便利店网点024,便利店,121.441354,31.279618,210
C025,咖啡网点025,便利店,121.69783,31.230598,19
C026,健身房网点026,书店,121.606257,31.229932,219
C027,咖啡网点027,咖啡,121.383019,31.187878,100
C028,便利店网点028,咖啡,121.371955,31.269427,170
C029,书店网点029,咖啡,121.388597,31.209749,95
C030,书店网点030,健身房,121.588133,31.147933,70
C031,健身房网点031,便利店,121.658533,31.232048,170
C032,书店网点032,健身房,121.455879,31.244309,152
C033,书店网点033,健身房,121.675787,31.18963,34
C034,便利店网点034,便利店,121.390603,31.265941,156
C035,书店网点035,书店,121.658347,31.26447,166
C036,便利店网点036,健身房,121.704006,31.29444,87
C037,便利店网点037,咖啡,121.647959,31.282549,203
C038,健身房网点038,便利店,121.621323,31.283535,142
C039,书店网点039,便利店,121.671673,31.209567,75
C040,书店网点040,咖啡,121.384454,31.313235,5
C041,便利店网点041,咖啡,121.442642,31.260812,149
C042,健身房网点042,书店,121.414973,31.234912,48
C043,咖啡网点043,便利店,121.551631,31.277723,167
C044,书店网点044,便利店,121.638268,31.219345,116
C045,健身房网点045,健身房,121.596804,31.252803,104
C046,健身房网点046,便利店,121.676407,31.302075,38
C047,书店网点047,书店,121.425877,31.335009,157
C048,健身房网点048,健身房,121.634464,31.342633,39
C049,咖啡网点049,便利店,121.439495,31.250799,93
C050,便利店网点050,便利店,121.467473,31.254461,184
C051,咖啡网点051,书店,121.625566,31.315971,202
C052,健身房网点052,健身房,121.722874,31.209179,217
C053,咖啡网点053,书店,121.590156,31.324224,210
C054,咖啡网点054,咖啡,121.38962,31.248711,123
C055,健身房网点055,书店,121.591871,31.165488,46
C056,健身房网点056,健身房,121.385246,31.155853,185
C057,健身房网点057,咖啡,121.688292,31.325239,176
C058,书店网点058,便利店,121.625448,31.152225,217
C059,书店网点059,健身房,121.432326,31.201735,144
C060,咖啡网点060,咖啡,121.40302,31.213509,33
